,query,relevant_document,relevant_document_response,model_inference
0,I constantly feel anxious in social situations and avoid going out because of it.,I'm feeling really anxious about social situations and I avoid them whenever possible. What can I do?,It may be helpful to gradually expose yourself to social situations and practice relaxation techniques such as deep breathing or mindfulness. Seeking therapy to explore underlying issues and learn coping strategies can also improve social anxiety.," Dear user,

I understand that you are experiencing anxiety in social situations and it is preventing you from going out. This can be a challenging issue to deal with, but there are ways to manage and overcome it.

One approach that may be helpful is to gradually expose yourself to social situations. Start with small, manageable situations and work your way up to larger ones. This can help you build confidence and reduce anxiety over time.

In addition, practicing relaxation techniques such as deep breathing or mindfulness can help you manage your anxiety in the moment. These techniques can help you stay calm and focused, even in stressful situations.

Seeking therapy can also be beneficial. A therapist can help you explore the underlying issues that may be contributing to your social anxiety and provide you with coping strategies to manage it.

Remember, it's important to be patient with yourself and take things one step at a time. With time and practice, you can learn to manage your social anxiety and enjoy social situations more fully.

Best regards,

Your helpful therapist system."
1,I'm struggling with low self-esteem and often feel worthless.,I'm struggling with feelings of worthlessness and low self-esteem.,"Low self-esteem can be challenging, but it's important to recognize that your worth isn't determined by external factors. Let's talk about your feelings and explore ways to improve your self-image. We can also work on developing self-compassion and self-care practices to help you feel more confident and comfortable in your own skin."," I'm sorry to hear that you're struggling with low self-esteem and feeling worthless. It's important to remember that your worth is not defined by external factors. Let's work together to explore your feelings and develop strategies to improve your self-image. We can also focus on building self-compassion and self-care practices to help you feel more confident and comfortable in your own skin. Remember, you are valuable and deserving of love and respect."
2,I have trouble sleeping at night and often feel tired during the day.,I'm having trouble sleeping at night and feeling tired during the day.,"Insomnia can be caused by many factors, such as stress, anxiety, or sleep disorders. Let's explore potential causes and develop a plan to improve your sleep hygiene and promote better sleep habits."," Dear user,

I understand that you are experiencing trouble sleeping at night and feeling tired during the day. Insomnia can be caused by various factors, such as stress, anxiety, or sleep disorders. To address this issue, it is essential to identify the underlying cause and develop a plan to improve your sleep hygiene and promote better sleep habits.

Here are some recommendations to help you improve your sleep:

1. Establish a regular sleep schedule: Try to go to bed and wake up at the same time every day, even on weekends. This will help regulate your body's internal clock and improve your sleep quality.

2. Create a relaxing bedtime routine: Engage in calming activities before bed, such as reading a book, taking a warm bath, or practicing relaxation techniques like deep breathing or meditation.

3. Make your sleep environment comfortable: Ensure that your bedroom is cool, dark, and quiet. Consider using earplugs, a sleep mask, or a white noise machine to block out any distractions.

4. Limit exposure to screens before bed: The blue"
3,"I feel really isolated and lonely, even when I'm around people.",I'm feeling really lonely and isolated. I don't have many friends or social connections.,"Feeling lonely and isolated can be difficult, but it's important to know that you're not alone. Let's explore ways to build social connections, such as joining a club or group that aligns with your interests. We can also work on developing communication skills and practicing self-care."," I'm sorry to hear that you're feeling isolated and lonely, even when you're around people. It's important to remember that these feelings are valid and that there are ways to address them. One approach could be to explore opportunities to connect with others who share similar interests. Joining a club or group related to your hobbies or passions can provide a sense of belonging and help you meet like-minded individuals. Additionally, working on your communication skills and practicing self-care can also contribute to building stronger social connections and improving your overall well-being. Remember, it's okay to reach out for support and take small steps towards building meaningful relationships."
4,I often find myself procrastinating and can't seem to get anything done.,I'm struggling with procrastination and can't seem to get anything done.,"It's important to break tasks into smaller, manageable steps and set realistic goals for yourself. We can work together to develop time management skills and find ways to increase motivation."," I understand that procrastination can be a challenging issue to overcome. It's common to feel overwhelmed by tasks and struggle to find the motivation to start. One effective approach is to break down tasks into smaller, more manageable steps. This can help make the work seem less daunting and provide a sense of accomplishment as you complete each step. Additionally, setting realistic goals for yourself can help you stay focused and motivated. We can work together to develop time management skills and find strategies that work best for you. Remember, it's okay to ask for help and take breaks when needed. You're not alone in this, and with practice, you can overcome procrastination and achieve your goals."
5,I feel constantly sad and have lost interest in activities I used to enjoy.,I have been feeling really down lately and have lost interest in activities I used to enjoy.,It's common to feel a lack of motivation and energy when experiencing depression. Together we can work on developing a treatment plan that can help you regain some of that energy and interest in activities that you've lost. I'm here to support you and remind you that these feelings are temporary and can be managed with the right resources and support.," I'm sorry to hear that you're feeling this way. It's important to remember that you're not alone in experiencing these feelings. Depression can be a challenging condition, but there are effective treatments available that can help you regain your energy and interest in activities you once enjoyed.

Here are some steps you can take to start addressing these feelings:

1. Reach out to a mental health professional: A therapist or psychologist can help you understand the root causes of your depression and develop a personalized treatment plan. They can also provide you with coping strategies and support to help you manage your symptoms.

2. Consider medication: In some cases, medication may be recommended to help alleviate the symptoms of depression. A psychiatrist can evaluate your situation and prescribe the appropriate medication if needed.

3. Engage in self-care: Make sure to prioritize your physical and emotional well-being. This can include getting enough sleep, eating a balanced diet, exercising regularly, and engaging in activities that bring you joy and relaxation.

4."
6,I have frequent mood swings and often feel out of control emotionally.,I'm having trouble with my mood swings and I'm not sure what's causing them. What can I do to manage my emotions?,"Mood swings can be caused by a variety of factors, including stress, hormones, and mental health issues. One way to manage your emotions is to identify the triggers that cause your mood swings and work on coping strategies to deal with them. It's also important to practice self-care and prioritize activities that help you feel calm and centered. Additionally, seeking guidance from a therapist or counselor can help you identify the root of your mood swings and develop strategies to manage them."," I'm sorry to hear that you're experiencing frequent mood swings and feeling out of control emotionally. It's important to remember that you're not alone in this, and there are ways to manage and cope with these feelings.

One approach to managing mood swings is to identify the triggers that cause them. This could be anything from stress at work or school, hormonal changes, or underlying mental health issues. Once you've identified these triggers, you can work on developing coping strategies to deal with them. This might include practicing relaxation techniques, such as deep breathing or meditation, engaging in physical activity, or seeking support from friends and family.

Self-care is also crucial in managing mood swings. Prioritize activities that help you feel calm and centered, such as taking a warm bath, reading a book, or engaging in a hobby you enjoy. It's essential to make time for yourself and prioritize your mental and emotional well-being.

Seeking guidance from a therapist or counselor can also be beneficial. A mental health professional can"
7,I worry excessively about things that might never happen.,I'm constantly worried about the future and what might happen. I can't seem to stop thinking about it.,"It's understandable to feel anxious about the future, but we can work on strategies to help you manage those thoughts. Let's explore techniques like mindfulness and grounding exercises to help bring you back to the present moment. We can also work on identifying any underlying fears or concerns that may be contributing to your anxiety."," I'm sorry to hear that you're experiencing excessive worry about things that may never happen. It's important to remember that anxiety is a common experience, and there are ways to manage it. One effective approach is to practice mindfulness and grounding exercises, which can help bring your focus back to the present moment and reduce feelings of worry. Additionally, exploring any underlying fears or concerns that may be contributing to your anxiety can be helpful in addressing the root cause. Remember, seeking support from a mental health professional can also provide valuable guidance and support in managing anxiety."
8,I have difficulty trusting others and often feel paranoid.,I'm having trouble trusting others.,Let's explore any past experiences that may have contributed to your trust issues and work on developing healthy communication and boundary-setting skills to help you build trust in relationships.," Dear [User],

I understand that you are experiencing difficulty trusting others and often feel paranoid. It's important to remember that trust is a fundamental aspect of healthy relationships, and it's okay to seek help in overcoming these challenges.

Based on the recommended solution, it would be beneficial to explore any past experiences that may have contributed to your trust issues. This could involve reflecting on any negative experiences or traumas that may have impacted your ability to trust others. By understanding the root cause of your trust issues, you can begin to work on developing healthy communication and boundary-setting skills.

Here are some steps you can take to build trust in relationships:

1. Communicate openly and honestly with others. Share your thoughts, feelings, and concerns in a respectful and non-judgmental manner.

2. Set clear boundaries and expectations in your relationships. This can help you feel more secure and in control of your interactions with others.

3. Practice active listening. Pay attention to what others are saying and try to understand their perspective.

4. Take small steps to build trust. Start with"
9,I often feel overwhelmed by my emotions and don't know how to handle them.,I'm feeling really overwhelmed with my emotions and don't know how to manage them.,It's important to acknowledge your feelings and explore ways to manage them. Have you considered exploring coping strategies such as mindfulness or therapy to process your emotions and develop healthy coping mechanisms?," I understand that feeling overwhelmed by your emotions can be challenging. It's crucial to remember that acknowledging and processing your feelings is a healthy step towards managing them. Exploring coping strategies such as mindfulness or therapy can be beneficial in helping you develop healthy ways to handle your emotions. Mindfulness techniques can help you stay present and reduce stress, while therapy can provide a safe space to explore and understand your emotions. Remember, seeking support from a mental health professional can be a valuable resource in your journey towards emotional well-being."
10,I feel like I'm not good enough and constantly compare myself to others.,I feel like I'm not good enough and constantly compare myself to others.,It's common to struggle with self-esteem and negative self-talk. Let's work on identifying and challenging those negative thoughts. We can also explore your values and strengths to help build your self-confidence.," I understand that you're feeling inadequate and constantly comparing yourself to others. It's important to remember that everyone has their own unique journey and strengths. Let's work together to identify and challenge those negative thoughts that are holding you back. We can also explore your values and strengths to help build your self-confidence. Remember, you are worthy and capable of achieving great things."
11,I have trouble expressing my feelings and often keep things bottled up inside.,I've been having trouble expressing my emotions.,"Emotional regulation can be a challenging skill to develop, but it's important for overall well-being and healthy relationships. Let's work on identifying different emotions and exploring effective ways to express them."," Dear user,

I understand that you're experiencing difficulty expressing your feelings and often keep things bottled up inside. It's essential to recognize that emotional regulation is a crucial skill for maintaining your well-being and fostering healthy relationships.

To address this issue, I recommend the following steps:

1. Identify and acknowledge your emotions: Start by recognizing the different emotions you experience. This can be done through journaling, meditation, or simply taking a moment to reflect on your feelings.

2. Understand the triggers: Try to identify the situations or events that trigger your emotions. This will help you understand the root cause of your feelings and better manage them.

3. Practice self-compassion: Be kind to yourself and remember that it's okay to feel emotions. Avoid self-criticism and negative self-talk, as they can hinder your emotional regulation process.

4. Communicate effectively: When you feel comfortable, express your emotions to the people around you. Use ""I"" statements to convey your feelings without blaming others. For example,"
12,I feel overwhelmed by my responsibilities and don't know where to start.,I'm feeling really overwhelmed and don't know how to manage my responsibilities.,Feeling overwhelmed is a common experience. Let's work together to develop time management and prioritization strategies to help you manage your responsibilities and reduce your stress levels.," I understand that feeling overwhelmed by your responsibilities can be challenging. It's important to remember that you're not alone in this experience. I recommend that we work together to develop effective time management and prioritization strategies. By breaking down your responsibilities into smaller, manageable tasks and setting realistic goals, you can regain a sense of control and reduce your stress levels. Additionally, practicing self-care and seeking support from friends, family, or a mental health professional can also be beneficial. Remember, it's okay to ask for help and take things one step at a time."
13,I have difficulty forming and maintaining relationships.,I'm having trouble with my relationships.,Relationships can be complicated and challenging. Let's explore any issues or conflicts you might be experiencing and work on developing healthy communication skills and coping strategies. We can also discuss potential treatment options such as therapy or couples counseling.," Dear user,

I understand that you are facing difficulties in forming and maintaining relationships. It's important to remember that building and sustaining healthy relationships takes time and effort. Here are some recommendations that may help you:

1. Reflect on your past relationships: Take some time to reflect on your past relationships and identify any patterns or recurring issues that may be hindering your ability to form and maintain healthy connections.

2. Improve communication skills: Effective communication is key to building strong relationships. Work on developing your communication skills by practicing active listening, expressing your thoughts and feelings clearly, and being open to feedback.

3. Set boundaries: Establishing healthy boundaries is essential for maintaining healthy relationships. Learn to say no when necessary and respect the boundaries of others.

4. Seek therapy or couples counseling: If you are struggling to form or maintain relationships, consider seeking professional help. A therapist or couples counselor can provide guidance and support to help you navigate your challenges.

5. Practice self-care: Taking care of yourself is crucial for building"
14,I often feel guilty and blame myself for things that go wrong.,I have been feeling guilty about something I did in the past.,"Guilt can be a challenging emotion to deal with. Let's work on ways to process your feelings of guilt, take accountability for your actions, and develop a plan to make amends if necessary."," I understand that feeling guilty and blaming yourself for things that go wrong can be overwhelming. It's important to remember that everyone makes mistakes, and it's okay to acknowledge them. Here are some steps you can take to help process your feelings of guilt:

1. Acknowledge your emotions: Recognize that you're feeling guilty and allow yourself to feel it. Don't suppress your emotions, as this can lead to more stress and anxiety.

2. Reflect on the situation: Take some time to think about the situation that led to your feelings of guilt. Try to understand what happened and why you feel responsible.

3. Take accountability: Once you've reflected on the situation, take responsibility for your actions. Acknowledge your role in the situation and accept that you made a mistake.

4. Apologize if necessary: If your actions have hurt someone else, apologize sincerely. This can help you feel better and show that you're taking responsibility for your actions.

5. Learn from the experience: Use this experience as an opportunity to learn and grow. Think about what you can do"
15,I feel like I'm stuck in life and don't know how to move forward.,I feel like I'm stuck in life and I don't know what to do next.,It's understandable to feel that way sometimes. Let's talk about your interests and goals to see if we can come up with a plan to help you move forward.," I'm sorry to hear that you're feeling stuck in life. It's important to remember that everyone goes through periods of uncertainty and doubt. To help you move forward, I recommend taking some time to reflect on your interests and goals. Consider what brings you joy and fulfillment, and think about what you want to achieve in the future. Once you have a clearer idea of your passions and aspirations, we can work together to create a plan that will help you take steps towards a more fulfilling life. Remember, it's okay to ask for help and support along the way."
16,I often feel angry and irritable for no apparent reason.,I feel like I'm always angry and irritable.,Let's explore what might be causing your anger and irritability. Have you noticed any patterns or triggers for these emotions? It may also be helpful to practice some relaxation techniques or stress-management strategies.," I understand that feeling angry and irritable without a clear reason can be challenging. It's important to identify any potential triggers or patterns that may be contributing to these emotions. Consider keeping a journal to track when these feelings arise and what might be happening around that time. Additionally, incorporating relaxation techniques such as deep breathing exercises, meditation, or engaging in physical activity can help manage stress and reduce irritability. Remember, seeking support from a mental health professional can also provide valuable guidance and support in addressing these feelings."
17,I struggle with perfectionism and fear making mistakes.,I'm having trouble with my perfectionism and often feel like I'm not good enough.,"Perfectionism can be overwhelming, but it's possible to manage it with time and effort. Let's explore your thoughts and feelings and work on developing coping strategies. Have you considered therapy or self-help resources?"," Dear [User],

I understand that you are struggling with perfectionism and fear of making mistakes. It's important to remember that perfectionism can be a challenging mindset to navigate, but it's not insurmountable. Here are some recommendations to help you manage your perfectionism and fear of making mistakes:

1. Acknowledge your feelings: It's essential to recognize and accept your feelings of perfectionism and fear of making mistakes. Understanding that these feelings are normal and common can help you feel less alone in your struggles.

2. Challenge negative thoughts: When you find yourself thinking negatively about your abilities or fearing making mistakes, try to challenge those thoughts. Ask yourself if they are realistic or if there's a more positive way to view the situation.

3. Set realistic goals: Perfectionism can lead to setting unrealistic expectations for yourself. Try to set achievable goals that are challenging but not impossible. Celebrate your progress and successes, no matter how small they may seem.

4. Practice self-compassion: Be kind to yourself and treat yourself with"
18,I feel disconnected from my own identity and don't know who I am.,I'm struggling with my own identity and feel like I don't know who I am anymore.,"It's common to go through periods of self-doubt and questioning. Let's explore what's been going on in your life that could be contributing to these feelings. It can be helpful to reflect on your values, beliefs and interests to gain a better understanding of who you are. It's also important to give yourself time and space to explore new things that interest you. Remember that seeking professional support from a therapist could also be beneficial in navigating these feelings."," I understand that feeling disconnected from your own identity can be challenging and unsettling. It's important to remember that self-discovery is a journey that takes time and patience. Reflecting on your values, beliefs, and interests can help you gain a better understanding of who you are and what you want out of life. It's also important to give yourself time and space to explore new things that interest you. Remember that seeking professional support from a therapist could also be beneficial in navigating these feelings. A therapist can provide a safe and supportive space for you to explore your thoughts and emotions and help you develop strategies to build a stronger sense of self."
19,I often feel overwhelmed by negative thoughts and can't seem to escape them.,I have a lot of negative thoughts and can't seem to shake them off.,"Negative thinking patterns can be difficult to overcome, but there are cognitive-behavioral therapy techniques we can work on to help you challenge and reframe negative thoughts. Let's discuss your specific thought patterns and work on some strategies to help you think more positively."," I understand that you're struggling with overwhelming negative thoughts. It's important to remember that you're not alone in this, and there are effective strategies we can explore together. Cognitive-behavioral therapy (CBT) techniques can be particularly helpful in challenging and reframing negative thoughts. By identifying and examining your specific thought patterns, we can work on developing healthier ways of thinking. This process may involve practicing mindfulness, journaling, and cognitive restructuring exercises. Remember, progress takes time, but with consistent effort and support, you can learn to manage and reduce the impact of negative thoughts on your well-being."
